first_category,buyers,returned_buyers,repeat_rate,label
bed_bath_table,4769,214,0.044873139022855946,Текстиль для дома
sports_leisure,3956,140,0.03538928210313448,Спорт и досуг
health_beauty,3777,107,0.02832936192745565,Здоровье и красота
furniture_decor,3365,122,0.036255572065378903,Мебель и декор
computers_accessories,3034,81,0.026697429136453527,Компьютеры и аксессуары
housewares,2587,62,0.02396598376497874,Товары для дома
toys,2490,47,0.01887550200803213,Игрушки
cool_stuff,2382,31,0.013014273719563391,Cool stuff
watches_gifts,2334,51,0.021850899742930592,Часы и подарки
telephony,2278,48,0.021071115013169446,Телефония
garden_tools,2080,53,0.02548076923076923,Садовые инструменты
perfumery,1787,45,0.02518186905428092,Парфюмерия
auto,1598,28,0.017521902377972465,Автотовары
baby,1317,25,0.018982536066818528,Товары для малышей
stationery,1234,22,0.017828200972447326,Канцтовары
electronics,1112,21,0.018884892086330936,Электроника
fashion_bags_accessories,1039,50,0.04812319538017324,Сумки и аксессуары
unknown_category,930,19,0.02043010752688172,Неизвестная категория
pet_shop,732,27,0.036885245901639344,pet_shop
office_furniture,708,12,0.01694915254237288,office_furniture
consoles_games,684,10,0.014619883040935672,consoles_games
luggage_accessories,657,11,0.0167427701674277,luggage_accessories
mixed_categories,375,21,0.056,Смешанные категории
small_appliances,337,7,0.020771513353115726,small_appliances
musical_instruments,284,4,0.014084507042253521,musical_instruments
books_general_interest,249,2,0.008032128514056224,books_general_interest
home_appliances,234,11,0.04700854700854701,home_appliances
home_confort,219,11,0.0502283105022831,home_confort
furniture_living_room,212,5,0.02358490566037736,furniture_living_room
audio,183,4,0.02185792349726776,audio
market_place,181,6,0.03314917127071823,market_place
fashion_shoes,169,6,0.03550295857988166,fashion_shoes
construction_tools_construction,135,4,0.02962962962962963,construction_tools_construction
fixed_telephony,132,2,0.015151515151515152,fixed_telephony
computers,129,1,0.007751937984496124,computers
air_conditioning,127,4,0.031496062992125984,air_conditioning
kitchen_dining_laundry_garden_furniture,126,3,0.023809523809523808,kitchen_dining_laundry_garden_furniture
home_construction,124,2,0.016129032258064516,home_construction
food,114,5,0.043859649122807015,food
food_drink,106,2,0.018867924528301886,food_drink
drinks,103,2,0.019417475728155338,drinks
home_appliances_2,88,1,0.011363636363636364,home_appliances_2
fashion_underwear_beach,86,3,0.03488372093023256,fashion_underwear_beach
fashion_male_clothing,82,5,0.06097560975609756,fashion_male_clothing
costruction_tools_garden,77,2,0.025974025974025976,costruction_tools_garden
agro_industry_and_commerce,62,2,0.03225806451612903,agro_industry_and_commerce
books_technical,60,0,0.0,books_technical
tablets_printing_image,57,0,0.0,tablets_printing_image
christmas_supplies,56,2,0.03571428571428571,christmas_supplies
industry_commerce_and_business,53,1,0.018867924528301886,industry_commerce_and_business
art,48,3,0.0625,art
signaling_and_security,40,1,0.025,signaling_and_security
construction_tools_safety,40,1,0.025,construction_tools_safety
furniture_bedroom,37,3,0.08108108108108109,furniture_bedroom
dvds_blu_ray,35,0,0.0,dvds_blu_ray
costruction_tools_tools,31,0,0.0,costruction_tools_tools
fashio_female_clothing,30,1,0.03333333333333333,fashio_female_clothing
furniture_mattress_and_upholstery,26,2,0.07692307692307693,furniture_mattress_and_upholstery
construction_tools_lights,21,0,0.0,construction_tools_lights
fashion_sport,20,0,0.0,fashion_sport
books_imported,16,0,0.0,books_imported
home_comfort_2,15,1,0.06666666666666667,home_comfort_2
flowers,14,0,0.0,flowers
party_supplies,11,0,0.0,party_supplies
cds_dvds_musicals,11,0,0.0,cds_dvds_musicals
cine_photo,10,0,0.0,cine_photo
music,10,0,0.0,music
la_cuisine,9,1,0.1111111111111111,la_cuisine
small_appliances_home_oven_and_coffee,4,0,0.0,small_appliances_home_oven_and_coffee
fashion_childrens_clothes,4,0,0.0,fashion_childrens_clothes
pc_gamer,4,0,0.0,pc_gamer
diapers_and_hygiene,3,1,0.3333333333333333,diapers_and_hygiene
security_and_services,2,0,0.0,security_and_services
arts_and_craftmanship,1,0,0.0,arts_and_craftmanship
