first_purchase_month,buyers,returned_buyers,repeat_rate
2016-09,1,0,0.0
2016-10,262,3,0.011450381679389313
2016-12,1,1,1.0
2017-01,717,28,0.03905160390516039
2017-02,1628,38,0.02334152334152334
2017-03,2503,69,0.027566919696364364
2017-04,2256,57,0.02526595744680851
2017-05,3451,112,0.032454361054766734
2017-06,3037,103,0.033915047744484686
2017-07,3752,109,0.029051172707889126
2017-08,4057,133,0.03278284446635445
2017-09,4004,129,0.032217782217782216
2017-10,4328,106,0.024491682070240297
2017-11,7060,177,0.025070821529745043
2017-12,5338,115,0.0215436493068565
2018-01,6842,168,0.024554223911137093
2018-02,215,10,0.046511627906976744
