first_purchase_month,first_category,buyers,returned_buyers,repeat_rate
2017-01,cool_stuff,30,0,0.0
2017-01,fashion_bags_accessories,27,3,0.1111111111111111
2017-02,cool_stuff,68,1,0.014705882352941176
2017-02,fashion_bags_accessories,29,1,0.034482758620689655
2017-03,cool_stuff,114,0,0.0
2017-03,fashion_bags_accessories,60,1,0.016666666666666666
2017-04,cool_stuff,108,2,0.018518518518518517
2017-04,fashion_bags_accessories,39,0,0.0
2017-05,cool_stuff,224,1,0.004464285714285714
2017-05,fashion_bags_accessories,83,6,0.07228915662650602
2017-06,cool_stuff,192,4,0.020833333333333332
2017-06,fashion_bags_accessories,71,4,0.056338028169014086
2017-07,cool_stuff,215,3,0.013953488372093023
2017-07,fashion_bags_accessories,75,1,0.013333333333333334
2017-08,cool_stuff,223,5,0.02242152466367713
2017-08,fashion_bags_accessories,81,3,0.037037037037037035
2017-09,cool_stuff,188,3,0.015957446808510637
2017-09,fashion_bags_accessories,91,4,0.04395604395604396
2017-10,cool_stuff,233,3,0.012875536480686695
2017-10,fashion_bags_accessories,87,3,0.034482758620689655
2017-11,cool_stuff,276,3,0.010869565217391304
2017-11,fashion_bags_accessories,160,12,0.075
2017-12,cool_stuff,220,1,0.004545454545454545
2017-12,fashion_bags_accessories,116,5,0.04310344827586207
2018-01,cool_stuff,275,4,0.014545454545454545
2018-01,fashion_bags_accessories,109,6,0.05504587155963303
